Województwo i rok;Produkt_Krajowy_Brutto_na_mieszkañca_(z³);Stopa_bezrobocia_rejestrowanego_(%);Przeciêtne_miesiêczne_wynagrodzenie_brutto_(czwarty_kwarta³)_(z³);Liczba_ludnoœci_w_wieku_produkcyjnym_na_1000_ludnoœci;Liczba_ludnoœci_w_wieku_przedprodukcyjnym_na_1000_ludnoœci;Liczba_ludnoœci_w_wieku_poprodukcyjnym_na_1000_ludnoœci;Gêstoœæ_zaludnienia_(osoba/km^2);Przyrost_naturalny_na_1000_ludnoœci;Liczba_urodzeñ_na_1000_ludnoœci;Przeciêtne_trwanie_¿ycia_(lata);Liczba_ma³¿eñstw_na_1000_ludnoœci;Zezwolenia_na_pracê_dla_cudzoziemców_na_1000_ludnoœci;Liczba_studentów_na_10000_ludnoœci;Mieszkania_oddane_do_u¿ytkowania_na_1000_ludnoœci;Saldo_migracji_wewnêtrznych
Dolnoœl¹skie_2010;42295;13,1;3655,84;656,87;173,89;169,23;146,3;-0,06;10,13;76;5,6;0,59;577;4,4;1579
Dolnoœl¹skie_2011;46296;12,4;3830,15;652,58;171,95;175,47;146,2;-0,6;9,49;76;5,2;0,73;549;3,6;1559
Dolnoœl¹skie_2012;47986;13,5;3879,12;647,51;170,09;182,39;146,1;-1,1;9,34;76;5,2;0,67;532;5,2;1735
Dolnoœl¹skie_2013;48179;13,1;4081,9;641,68;168,58;189,74;145,9;-1,61;8,86;77;4,4;0,67;487;5,7;2391
Dolnoœl¹skie_2014;50031;10,4;4265,88;634,96;167,93;197,11;145,8;-0,94;9,34;77;4,7;0,69;470;4,8;2426
Dolnoœl¹skie_2015;52203;8,5;4417,13;627,88;167,53;204,59;145,6;-1,82;9,04;77;4,5;1,17;457;4,8;2652
Dolnoœl¹skie_2016;53613;7,2;4616,23;620,01;167,93;212,07;145,6;-1,07;9,45;77;4,8;3,75;449;5,7;2659
Dolnoœl¹skie_2017;57203;5,7;4974,36;611,89;169,03;219,08;145,5;-1,25;9,79;77;4,8;4,23;428;5,9;2595
Dolnoœl¹skie_2018;60447;5,2;5245,92;604,31;170,13;225,56;145,4;-1,79;9,58;77;4,9;6,6;415;6,4;3200
Dolnoœl¹skie_2019;65240;4,6;5670,27;597,61;171,05;231,34;145,4;-2;9,28;77;4,8;8,24;405;7,6;4215
Dolnoœl¹skie_2020;67148;5,6;6039,18;596,23;171,65;232,13;145,8;-4,07;8,82;76;3,7;7,59;403;7,5;3295
Dolnoœl¹skie_2021;76186;4,9;6752,15;591,65;173,19;235,16;145,3;-5,49;8,42;75;4,4;15,38;402;8,6;3305
Dolnoœl¹skie_2022;90980;4,5;7386,84;587,78;173,57;238,65;144,8;-4,62;7,86;77;4,3;9,46;398;7,7;3695
Dolnoœl¹skie_2023;96826;4,4;8138,28;584,79;172,33;242,88;144,3;-4,4;6,77;78;4,1;5,39;402;6,9;3617
Dolnoœl¹skie_2024;103643;4,6;9171,27;583,43;170,03;246,54;143,8;-4,96;6,33;78;3,8;5,62;436;5,8;3579
Kujawsko-pomorskie_2010;31127;17;3084,37;646,56;193,81;159,63;116,8;1,02;10,77;76;5,9;0,33;403;2,8;-1443
Kujawsko-pomorskie_2011;33231;17;3253,73;644,05;190,43;165,52;116,8;0,62;10;76;5,4;0,26;390;3,1;-1321
Kujawsko-pomorskie_2012;34365;18,1;3328,95;641,09;187,63;171,28;116,7;0,16;9,9;77;5,3;0,3;366;3;-1528
Kujawsko-pomorskie_2013;35280;18,2;3513,83;637,1;185,39;177,52;116,4;-0,3;9,48;77;4,7;0,3;332;3,2;-1619
Kujawsko-pomorskie_2014;36379;15,5;3588,51;632,52;183,34;184,14;116,3;0;9,58;77;4,9;0,64;312;3;-1738
Kujawsko-pomorskie_2015;38190;13,2;3724,98;627,5;181,59;190,92;116,1;-0,64;9,19;77;5;1,6;297;3,2;-1749
Kujawsko-pomorskie_2016;39541;12;3848,58;621,8;180,66;197,54;116;-0,33;9,52;78;5;2,4;285;3;-1719
Kujawsko-pomorskie_2017;41909;9,9;4159,8;615,43;180,62;203,95;115,9;-0,17;10,03;78;4,9;3,12;285;3,7;-1515
Kujawsko-pomorskie_2018;44694;8,8;4417,46;609,43;180,47;210,1;115,6;-1,33;9,55;77;5;12,36;272;3,4;-2541
Kujawsko-pomorskie_2019;47457;7,9;4791,63;603,76;180,18;216,06;115,3;-1,33;9,32;77;4,6;18,32;261;3,9;-2921
Kujawsko-pomorskie_2020;49439;9;5092,22;593,65;183,67;222,68;113;-3,65;8,83;76;3,8;14,38;267;4,8;-2112
Kujawsko-pomorskie_2021;56406;8,1;5696;589,85;183,86;226,29;112,3;-5,71;8,26;75;4,2;14,92;268;4,8;-2204
Kujawsko-pomorskie_2022;66547;7,3;6277,85;586,06;182,87;231,07;111,7;-4,54;7,49;77;4;10,39;279;5,7;-1746
Kujawsko-pomorskie_2023;72672;7,1;7187,2;582,8;180,79;236,41;111,1;-4,4;6,76;78;3,8;5,13;283;5,5;-2116
Kujawsko-pomorskie_2024;78539;7,3;8047,96;581,06;177,59;241,35;110,4;-4,94;6,08;78;3,5;4,99;286;4;-1989
Lubelskie_2010;25875;13,1;3321,69;632,3;192,38;175,32;86,7;-0,18;10,38;76;6,1;0,28;466;2,6;-4867
Lubelskie_2011;28279;13,2;3450,6;631,8;188,88;179,32;86,5;-0,74;9,82;76;5,6;0,39;443;2,9;-4960
Lubelskie_2012;29639;14,2;3547,3;630,09;185,85;184,05;86,2;-0,62;9,78;77;5,4;0,49;430;3,3;-5018
Lubelskie_2013;30434;14,4;3673,52;627,26;183,32;189,42;85,8;-1,44;9,14;77;4,8;0,61;398;3,2;-4954
Lubelskie_2014;31170;12,6;3781,29;624,2;180,94;194,87;85,5;-1,06;9,21;78;5,1;0,64;382;2,6;-5125
Lubelskie_2015;32074;11,7;3854,46;620,65;178,86;200,49;85,2;-1,45;9,2;78;5;0,75;366;2,9;-4814
Lubelskie_2016;33349;10,3;4029,46;616,28;177,43;206,29;84,9;-1,23;9,21;78;5;1,3;350;3,3;-4452
Lubelskie_2017;35642;8,8;4278,43;610,95;176,92;212,12;84,6;-1,19;9,81;78;5;2,47;341;3,5;-5072
Lubelskie_2018;37100;8;4555,26;605,76;176,38;217,86;84,3;-1,69;9,47;78;5;3,8;330;3,5;-5804
Lubelskie_2019;40741;7,5;4801,72;600,7;175,8;223,49;83,9;-1,77;9,13;78;4,7;6,16;325;3,5;-6495
Lubelskie_2020;41315;8,2;5165,64;587,57;181,5;230,93;81,9;-4,46;8,73;77;3,8;7,63;334;4,1;-4685
Lubelskie_2021;47464;8,7;5691,02;584,72;181,33;233,95;81,1;-6,82;8,12;75;4,4;13,43;330;4,4;-5021
Lubelskie_2022;55182;8;6286,95;581,09;180,24;238,66;80,6;-4,78;7,49;77;3,9;9,69;327;5,1;-4686
Lubelskie_2023;62175;7,6;7218,96;578,27;177,79;243,95;80;-4,67;6,69;79;3,6;3,26;325;4,5;-4707
Lubelskie_2024;68770;7,4;8202,78;575,9;174,81;249,29;79,5;-4,91;6,27;79;3,3;2,71;337;4,8;-5194
Lubuskie_2010;31723;15,5;3131,01;657,51;191,26;151,22;73,2;1,42;10,69;76;5,8;1,77;258;3,2;-474
Lubuskie_2011;33738;15,4;3267,41;654;188,52;157,48;73,1;0,76;10,19;76;5,1;1,46;233;3,2;-665
Lubuskie_2012;35078;15,9;3386,49;649,22;186,28;164,49;73,2;0,74;10,13;76;5,3;1,16;208;3,1;-441
Lubuskie_2013;35786;15,7;3433,77;643,63;184,39;171,98;73;-0,3;9,53;76;4,6;1,3;186;3,1;-743
Lubuskie_2014;37635;12,5;3580,76;637,59;182,77;179,64;72,9;0,16;9,52;77;4,8;1,62;176;3,3;-660
Lubuskie_2015;39052;10,5;3718,2;631,23;181,25;187,52;72,8;-0,72;9,24;77;4,9;2,62;162;3,2;-893
Lubuskie_2016;40610;8,6;3962,52;624,29;180,5;195,2;72,7;-0,22;9,57;77;5;3,52;147;3,5;-740
Lubuskie_2017;42793;6,5;4177,14;616,79;180,65;202,56;72,7;0,01;10,13;77;4,9;7,33;139;3,9;-788
Lubuskie_2018;45317;5,8;4548,38;609,73;180,69;209,58;72,5;-1,49;9,32;77;4,9;10,59;131;4,2;-971
Lubuskie_2019;48440;4,9;4825,6;603,18;180,71;216,11;72,3;-2,01;8,92;77;4,5;16,21;125;4,1;-1245
Lubuskie_2020;49394;6,3;5112,52;594,06;183,2;222,74;71;-4,01;8,67;76;3,5;13,92;126;5,2;-842
Lubuskie_2021;56196;5,1;5632,5;589,52;183,42;227,06;70,5;-5,97;8,01;75;4,1;14,14;125;5,1;-1068
Lubuskie_2022;66313;4,4;6420,03;585,63;182,06;232,31;70,1;-4,65;7,22;76;4;13,69;121;6;-861
Lubuskie_2023;72160;4,3;7128,82;582,38;179,84;237,78;69,7;-4,34;6,65;78;3,7;10,74;119;5,1;-753
Lubuskie_2024;77733;4,5;8078,98;580,34;176,95;242,71;69,3;-4,95;6,02;78;3,5;6,76;127;4,4;-1034
£ódzkie_2010;34747;12,2;3349,93;637,52;174,79;187,7;139,5;-2,24;10,02;75;5,7;0,38;452;2,7;-1757
£ódzkie_2011;37620;12,9;3472,21;633,34;172,68;193,98;139,1;-2,7;9,44;75;5;0,32;427;2,4;-1844
£ódzkie_2012;39402;14;3628,03;629,06;171,06;199,88;138,6;-2,97;9,43;75;5;0,4;403;3,2;-1643
£ódzkie_2013;40142;14,1;3748,75;624,24;169,63;206,13;137,9;-3,51;8,9;75;4,3;0,31;367;2,4;-2104
£ódzkie_2014;41839;11,8;3876,61;619,34;168,55;212,11;137,4;-2,8;9,05;76;4,5;0,36;349;2,6;-1701
£ódzkie_2015;43772;10,3;4017,87;613,76;167,89;218,35;136,9;-3,61;8,85;76;4,6;0,52;330;2,9;-1727
£ódzkie_2016;45162;8,5;4170,71;607,14;168,01;224,84;136,4;-2,98;9,16;76;4,7;1,44;319;2,8;-1695
£ódzkie_2017;48380;6,7;4440,14;600,21;168,77;231,01;135,9;-2,98;9,59;76;4,7;7,81;313;3;-1961
£ódzkie_2018;51166;6,1;4809,28;593,7;169,42;236,87;135,4;-3,47;9,32;76;4,7;13,15;287;3,3;-2163
£ódzkie_2019;56128;5,4;5188,31;587,52;169,92;242,56;134,7;-3,64;8,8;77;4,5;17,11;283;4;-2824
£ódzkie_2020;58840;6,2;5526,13;580,09;172,1;247,81;132,6;-6,15;8,61;75;3,6;17,15;291;4,6;-1812
£ódzkie_2021;65981;6,1;6096,19;576,19;173,01;250,79;131,5;-7,67;8,14;75;4,3;14,57;297;5;-2282
£ódzkie_2022;76228;5,5;6689,23;572,9;172,71;254,39;130,5;-6,37;7,61;76;3,9;10,79;291;5,6;-1649
£ódzkie_2023;85708;5,4;7547,34;569,92;171,46;258,63;129,7;-5,9;6,91;77;3,8;15,04;296;5;-2099
£ódzkie_2024;92091;5,4;8524,78;568,12;169,23;262,65;128,8;-6,45;6,31;78;3,5;18,22;293;5;-1809
Ma³opolskie_2010;32909;10,4;3400,12;636,14;198,84;165,02;219,8;2,23;11,12;78;6,1;0,75;635;3,7;3673
Ma³opolskie_2011;36119;10,5;3533,29;635,29;195,98;168,72;220,4;1,74;10,63;78;5,5;0,62;622;3,8;3783
Ma³opolskie_2012;37334;11,4;3632,63;633,53;193,73;172,74;220,9;1,35;10,48;78;5,4;0,59;605;4,6;3354
Ma³opolskie_2013;38167;11,5;3750,41;630,97;191,85;177,17;221,3;1,2;10,22;78;4,9;0,76;564;4,6;3775
Ma³opolskie_2014;39834;9,7;3915,68;628,17;190,25;181,58;221,9;1,43;10,23;79;5,2;0,79;545;4,6;3572
Ma³opolskie_2015;42160;8,3;4160,5;624,46;189,33;186,2;222,1;0,99;10,3;79;5,2;1,87;524;4,3;3770
Ma³opolskie_2016;43897;6,6;4212,93;620,05;188,99;190,96;222,8;1,66;10,76;79;5,3;4,48;500;5,1;3376
Ma³opolskie_2017;47250;5,3;4590,72;615,08;189,44;195,48;223,4;1,86;11,27;79;5,4;6,53;465;5,9;3760
Ma³opolskie_2018;50735;4,7;4901,28;610,25;189,73;200,02;224;1,59;11,15;79;5,4;8,1;442;5,4;4842
Ma³opolskie_2019;54546;4,1;5472,65;605,65;190,28;204,08;224,7;1,16;10,85;79;5,3;10,96;426;6,4;5914
Ma³opolskie_2020;55448;5,3;5843,94;602,88;192,5;204,62;226,1;-1;10,29;78;4,2;11,47;427;5,8;3412
Ma³opolskie_2021;62842;5;6363,59;599,76;193,33;206,91;225,9;-2,17;9,7;77;4,9;9,43;429;6,4;4112
Ma³opolskie_2022;72004;4,4;7201,34;596,6;193,17;210,24;225,8;-1,42;9,06;79;4,5;6,09;431;7;3553
Ma³opolskie_2023;80434;4,2;8051,24;594,07;191,86;214,07;225,9;-1,3;8,26;80;4,3;9,62;443;6,3;3800
Ma³opolskie_2024;87269;4,1;9049,07;592,18;189,93;217,89;225,8;-1,82;7,75;80;4;11,3;457;5,9;4043
Mazowieckie_2010;59666;9,7;4484,24;635,46;187,46;177,08;148,1;1,4;11,56;77;5,8;3,66;614;5,5;12687
Mazowieckie_2011;64473;9,8;4708,9;632,55;186,27;181,18;148,6;0,79;10,86;77;5,2;4,32;581;4,8;13700
Mazowieckie_2012;67388;10,7;4768,43;628,83;185,55;185,62;149,1;0,53;10,82;77;5,1;4,25;589;5,8;12802
Mazowieckie_2013;69026;11,1;4939,61;624,42;185,09;190,49;149,5;0,21;10,44;78;4,5;4,05;554;5,5;13457
Mazowieckie_2014;71659;9,6;5047,5;619,5;185,21;195,29;150;0,68;10,73;78;4,7;4,56;530;5,8;13141
Mazowieckie_2015;74682;8,3;5231,3;613,69;185,9;200,41;150,4;0,45;10,76;78;4,8;6,08;515;5,5;12385
Mazowieckie_2016;76992;7;5403,01;607,28;187,19;205,53;150,9;0,88;11,12;78;5;8,97;503;6,7;11167
Mazowieckie_2017;83123;5,6;5800,4;600,9;188,97;210,13;151,4;0,86;11,51;78;5,1;13,98;481;6,9;12029
Mazowieckie_2018;88626;4,9;6131,29;595,22;190,48;214,3;152;0,33;11,22;78;5;14,74;457;7,6;14686
Mazowieckie_2019;96725;4,4;6392,72;589,78;192,06;218,16;152,5;0,35;11,01;78;4,9;15,92;452;8;15777
Mazowieckie_2020;98747;5,2;6679,59;592,26;192,57;215,16;155,2;-1,96;10,27;77;3,8;12,37;453;8,4;10448
Mazowieckie_2021;109612;4,7;7378;589,69;193,98;216,32;155;-3,54;9,78;76;4,5;16,5;462;8,1;10834
Mazowieckie_2022;126381;4,3;8168,95;587,18;194,13;218,69;155;-2,24;9,12;78;4,3;12,12;481;7,8;9368
Mazowieckie_2023;142761;4;9120,61;585,64;192,94;221,42;155;-2,35;8,15;79;4,1;15,34;514;7,9;10217
Mazowieckie_2024;195100;4;10119,51;585,52;190,69;223,8;154,9;-2,78;7,66;79;3,8;14,44;516;7;10289
Opolskie_2010;30818;13,6;3262,76;655,63;171,3;173,06;108,1;-0,71;9;77;5,6;0,64;392;2,1;-671
Opolskie_2011;33237;13,3;3451,62;654,24;167,96;177,79;107,7;-1,02;8,55;77;5,1;0,88;375;1,7;-664
Opolskie_2012;34152;14,4;3453,85;651,31;165,55;183,14;107,3;-1,23;8,83;77;5,3;0,77;343;1,8;-437
Opolskie_2013;34640;14,2;3622,82;647,3;163,41;189,29;106,7;-2,03;8,17;77;4,7;0,8;308;1,7;-892
Opolskie_2014;36299;11,8;3736,76;642,73;161,57;195,71;106,3;-1,21;8,57;78;4,8;0,81;278;1,9;-691
Opolskie_2015;37816;10,1;3958,35;638,1;160,03;201,87;105,8;-2,18;8,3;78;4,9;1,22;253;1,7;-810
Opolskie_2016;38625;9;4132,05;632,23;159,26;208,52;105,5;-1,38;8,68;78;4,9;2,81;230;1,8;-726
Opolskie_2017;41199;7,3;4378,26;626,24;159,41;214,35;105,2;-1,81;9,16;78;4,8;5,86;222;2;-745
Opolskie_2018;43712;6,3;4639,48;620,17;159,34;220,49;104,8;-2,14;8,7;78;4,8;9,72;216;2,4;-691
Opolskie_2019;47036;5,8;4943,94;613,27;159,7;227,03;104,4;-2,24;8,63;78;4,3;11,78;216;2,8;-1007
Opolskie_2020;47723;6,9;5350,93;604,36;165,46;230,18;101,6;-4,96;8,28;77;3,5;11,88;223;2,7;-747
Opolskie_2021;56267;6,4;5886,99;599,1;166,31;234,59;100,8;-6,2;7,65;76;4,1;9,2;222;3,6;-764
Opolskie_2022;64383;5,9;6631,73;594,27;166,3;239,44;100,1;-5,24;7,18;78;3,7;5,9;229;3,5;-732
Opolskie_2023;72671;5,9;7454,15;589,8;165,06;245,13;99,5;-4,73;6,57;79;3,4;4,88;223;3,4;-954
Opolskie_2024;78488;5,9;8327,89;586,36;162,93;250,71;98,8;-5,73;5,8;79;3,2;8,22;233;2,9;-783
Podkarpackie_2010;26122;15,4;3069,21;638,59;202,55;158,86;119,2;1,74;10,34;78;6,2;0,18;345;2,3;-1973
Podkarpackie_2011;28544;15,5;3199,88;638,97;198,32;162,71;119,3;1,37;9,93;78;5,8;0,23;333;2,7;-2212
Podkarpackie_2012;29553;16,4;3295,35;638,33;194,52;167,15;119,4;1,25;9,89;78;5,6;0,23;317;3,1;-1947
Podkarpackie_2013;30584;16,3;3426,26;636,63;191,41;171,95;119,3;0,84;9,57;79;5;0,26;295;2,9;-2273
Podkarpackie_2014;31642;14,6;3571,09;634,68;188,26;177,06;119,3;0,75;9,37;79;5,3;0,31;279;3;-1941
Podkarpackie_2015;33176;13,2;3671,54;632,34;185,48;182,18;119,2;0,07;9,2;79;5,1;0,44;264;3,6;-2400
Podkarpackie_2016;34111;11,5;3836,5;628,73;183,68;187,58;119,2;0,54;9,53;79;5,2;0,82;247;3,7;-2047
Podkarpackie_2017;36142;9,6;4028,88;624,21;182,81;192,97;119,3;1,22;10,31;79;5,2;1,75;233;3,8;-2140
Podkarpackie_2018;38872;8,7;4346,97;619,69;181,97;198,34;119,3;0,89;10,12;79;5,1;2,53;220;3,7;-3119
Podkarpackie_2019;41845;7,9;4618,04;614,5;181,62;203,88;119,2;0,27;9,69;79;4,8;4,02;216;4,3;-3462
Podkarpackie_2020;41937;9,1;5033,11;601,98;188,63;209,39;117,5;-2,17;9,32;78;3,8;3,18;219;4,8;-2226
Podkarpackie_2021;48187;9,9;5486,07;598,72;188,66;212,62;116,9;-4,1;8,58;77;4,4;3,55;218;4,7;-2197
Podkarpackie_2022;55125;8,8;6109;595,27;187,49;217,25;116,5;-2,46;8,08;79;4;2,48;214;5,4;-2228
Podkarpackie_2023;64819;8,7;6835,93;591,97;185,29;222,74;116,1;-2,33;7,17;80;3,7;1,6;214;4,2;-2664
Podkarpackie_2024;71021;8,7;7875,52;589,07;182,71;228,22;115,6;-3,12;6,7;80;3,3;1,9;221;4,1;-2829
Podlaskie_2010;27381;13,8;3234,87;635,54;190,34;174,11;59,6;0,09;9,9;77;5,8;0,29;441;3,6;-1616
Podlaskie_2011;29672;14,1;3382,83;636,77;185,93;177,3;59,5;-0,41;9,28;78;5,2;0,26;424;3,7;-1898
Podlaskie_2012;30288;14,7;3477,54;636,75;182,24;181;59,4;-0,58;9,3;78;5,3;0,25;391;3,8;-1745
Podlaskie_2013;31372;15,1;3593,51;635,68;179,09;185,23;59,2;-1,28;8,88;78;4,7;0,3;352;3,5;-2053
Podlaskie_2014;32350;12,9;3716,84;633,9;176,57;189,53;59;-0,69;9,24;78;5,1;0,29;322;3,5;-1912
Podlaskie_2015;33272;11,8;3827,16;631,19;174,46;194,35;58,9;-1,24;9,09;78;5,1;0,54;300;4;-1907
Podlaskie_2016;34312;10,3;3984,65;627,2;173,67;199,12;58,8;-0,76;9,58;78;5,3;0,85;288;4;-1565
Podlaskie_2017;37140;8,5;4309,67;621,92;173,92;204,16;58,7;-0,4;10,17;79;5;2,45;266;4,2;-1866
Podlaskie_2018;39160;7,7;4559,54;616,52;174,25;209,23;58,5;-1;9,97;78;5;4,52;252;4,2;-2281
Podlaskie_2019;42976;6,9;4886,7;610,32;174,63;215,05;58,4;-0,98;9,62;79;4,7;8,31;245;5,2;-2459
Podlaskie_2020;44522;7,8;5321,26;598,11;181,23;220,67;57,3;-3,5;9,1;78;3,8;10,79;245;5,5;-1702
Podlaskie_2021;50378;7,8;5835,07;594,05;182,2;223,75;56,9;-5,74;8,77;76;4,3;11,76;251;6,7;-1657
Podlaskie_2022;59818;7;6265,7;589,21;181,93;228,86;56,6;-3,76;7,99;78;4;9,83;250;5,7;-1526
Podlaskie_2023;69796;7;7247,51;584,64;180,46;234,9;56,4;-3,31;7,26;79;3,6;20,3;251;6;-1844
Podlaskie_2024;75601;7;8216,25;581,05;178,26;240,69;56,1;-3,92;6,66;80;3,3;11,55;262;5,6;-1858
Pomorskie_2010;36017;12,3;3573,47;645,64;200,84;153,52;124,3;3,33;11,84;77;6;1,05;471;5,2;2749
Pomorskie_2011;39054;12,5;3731,85;642,53;198,67;158,8;124,7;2,51;10,99;77;5,4;1,09;459;5,2;2618
Pomorskie_2012;41341;13,4;3836,23;638,48;197,03;164,49;125,1;2;10,96;77;5,3;0,84;465;6,2;2437
Pomorskie_2013;41457;13,2;3957,92;633,74;195,56;170,7;125,4;1,68;10,44;78;4,7;0,84;444;5,2;3240
Pomorskie_2014;42558;11,1;4164,33;628,17;194,69;177,14;125,7;1,95;10,71;78;5;0,9;426;4,7;3059
Pomorskie_2015;44955;8,9;4350;622,35;194,04;183,6;126;1,55;10,67;78;5,1;1,79;414;5,7;3344
Pomorskie_2016;46827;7,1;4467,88;615,95;194,41;189,63;126,5;2,04;11,19;78;5,4;3,41;401;5,7;3485
Pomorskie_2017;50020;5,4;4779,32;609,12;195,52;195,36;126,9;2,51;11,85;78;5,4;5,37;371;6,8;3625
Pomorskie_2018;53497;4,9;5097,63;603,14;196,46;200,4;127,4;1,76;11,38;78;5,4;8,97;358;7,2;4920
Pomorskie_2019;58031;4,5;5458,61;597,73;197,14;205,13;127,9;1,54;11,14;78;5,1;12,97;354;7,9;5953
Pomorskie_2020;57669;5,9;5772,86;596,47;197,14;206,39;128,7;-0,5;10,39;77;4;9,94;366;8,1;3825
Pomorskie_2021;66793;5,2;6451,5;592,89;198,05;209,06;128,7;-2,01;9,9;76;4,7;16,39;369;9,2;4591
Pomorskie_2022;81149;4,6;7166,76;590,04;197,74;212,21;128,6;-1,89;8,9;77;4,5;13,62;379;8,7;4047
Pomorskie_2023;86245;4,6;7923,08;587,87;196,04;216,08;120,7;-1,62;8,11;79;4,1;8,15;387;8,2;4382
Pomorskie_2024;92806;4,6;8963,95;587,08;193,49;219,43;120,7;-2,47;7,47;79;3,9;8,69;403;7,7;4869
Œl¹skie_2010;40201;10;3913,18;651,82;172,59;175,59;375,8;0,02;10,31;76;6,1;0,49;391;2,2;-3194
Œl¹skie_2011;43693;10,2;4048,62;648,06;170,91;181,04;375,1;-0,63;9,68;76;5,5;0,41;368;2,1;-3652
Œl¹skie_2012;44863;11,1;4274,46;643,44;169,58;186,98;374,3;-0,97;9,64;76;5,4;0,33;344;2,1;-3298
Œl¹skie_2013;44796;11,3;4412,86;638,01;168,8;193,19;372,9;-1,37;9,3;76;4,8;0,31;314;2,3;-3880
Œl¹skie_2014;46499;9,6;4458,74;631,94;168,17;199,89;371,8;-1,11;9,3;77;5;0,28;294;2,1;-3633
Œl¹skie_2015;48670;8,2;4557,09;625,41;167,92;206,67;370,6;-1,92;9,09;77;4,9;0,44;277;2,2;-3449
Œl¹skie_2016;50172;6,6;4534,95;618,19;168,3;213,52;369,7;-1,36;9,36;77;5;1,57;264;2,4;-3428
Œl¹skie_2017;53495;5,1;4842,99;610,55;169,46;219,99;368,8;-1,41;9,88;77;4,9;5,09;260;2,7;-3260
Œl¹skie_2018;57255;4,3;5254,44;603,29;170,31;226,4;367,6;-2,11;9,38;77;4,9;4,84;253;2,7;-4231
Œl¹skie_2019;60963;3,6;5574,69;596,37;171,03;232,6;366,3;-2,49;8,95;77;4,7;8,65;250;3,1;-4275
Œl¹skie_2020;60091;4,9;5951,15;590,11;173,92;235,98;357,7;-4,95;8,62;76;3,7;7,81;259;4,1;-3342
Œl¹skie_2021;71388;4,3;6392,21;585,98;174,77;239,24;354,8;-7,15;7,91;75;4,3;12,41;264;3,9;-3690
Œl¹skie_2022;85131;3,7;7282,82;581,93;174,42;243,65;352,4;-5,76;7,25;77;3,9;8,56;267;4,3;-3592
Œl¹skie_2023;93566;3,6;8301,4;578,51;172,88;248,6;350,3;-5,56;6,38;78;3,7;7,39;268;4,4;-2611
Œl¹skie_2024;97509;3,6;9094,93;576,18;170,42;253,4;347,9;-6,05;5,9;78;3,5;7,72;282;4;-2883
Œwiêtokrzyskie_2010;28968;15,2;3200,59;636,12;182,57;181,31;109,5;-1,21;9,69;76;6,1;0,36;357;1,8;-2567
Œwiêtokrzyskie_2011;30957;15,2;3325,54;634,57;178,92;186,51;109,1;-1,66;9,06;77;5,4;0,4;331;2,3;-2408
Œwiêtokrzyskie_2012;31642;16;3446,31;632,06;175,81;192,13;108,8;-1,92;9,02;77;5,3;0,31;302;2,4;-2180
Œwiêtokrzyskie_2013;31392;16,6;3517,19;629,13;172,88;197,99;108,3;-2,73;8,44;77;4,6;0,25;266;2,3;-2618
Œwiêtokrzyskie_2014;32640;14,1;3581,68;625,56;170,37;204,07;107,9;-2,27;8,5;78;4,8;0,26;239;2,8;-2464
Œwiêtokrzyskie_2015;33841;12,5;3790,89;621,14;168,39;210,48;107,4;-3,04;8,4;78;4,7;0,48;214;2,7;-2268
Œwiêtokrzyskie_2016;34672;10,8;3903,62;616,14;166,88;216,97;107;-2,66;8,46;78;4,8;1,41;198;2,4;-1971
Œwiêtokrzyskie_2017;36909;8,8;4177,71;610,51;166,14;223,35;106,5;-2,73;8,73;78;4,7;2,61;203;2,5;-2426
Œwiêtokrzyskie_2018;39742;8,3;4438,58;604,52;165,59;229,89;106;-3,13;8,62;78;4,7;3,36;183;2,6;-2628
Œwiêtokrzyskie_2019;42666;8;4780,91;598,57;164,85;236,58;105,4;-3,45;8,26;78;4,3;5;163;3,1;-3719
Œwiêtokrzyskie_2020;43646;8,5;5029,82;584,24;170,17;245,59;102,4;-6,49;7,87;76;3,5;3,97;163;3,3;-2143
Œwiêtokrzyskie_2021;50301;8,7;5452,01;580,39;169,99;249,61;101,4;-8,12;7,31;76;4,2;7,61;166;3,8;-2421
Œwiêtokrzyskie_2022;56507;7,8;6048,64;576,15;168,97;254,88;100,6;-6,45;6,9;77;3,7;6,96;163;3,7;-2270
Œwiêtokrzyskie_2023;67558;7,8;6780,42;572,48;166,87;260,66;99,8;-6,09;6,17;78;3,3;3,48;156;3,7;-2766
Œwiêtokrzyskie_2024;74695;7,6;7976,2;569,39;164,29;266,32;98,9;-6,69;5,56;78;3,1;4,22;166;4,1;-2755
Warmiñsko-mazurskie_2010;27197;20;3095,2;653,93;199,56;146,51;60,1;1,95;10,85;76;5,8;0,41;344;3,3;-2721
Warmiñsko-mazurskie_2011;29257;20,2;3185,26;652,57;195,84;151,59;60,1;1,25;10,15;76;5,3;0,23;321;3,1;-2952
Warmiñsko-mazurskie_2012;30232;21,3;3287,38;649,94;192,79;157,27;60;0,63;9,87;76;5,2;0,22;307;3,8;-2413
Warmiñsko-mazurskie_2013;30776;21,6;3379,13;646,72;189,94;163,34;59,9;-0,21;9,41;76;4,5;0,19;272;3,3;-2707
Warmiñsko-mazurskie_2014;31955;18,7;3535,68;642,28;187,57;170,15;59,7;0,59;9,66;77;4,8;0,32;246;3;-2794
Warmiñsko-mazurskie_2015;33179;16,2;3713,23;637,23;185,41;177,36;59,6;-0,51;9,1;77;4,8;0,35;229;3;-2609
Warmiñsko-mazurskie_2016;34478;14,2;3828,4;631,44;184,05;184,51;59,4;-0,44;9,35;77;4,7;1,03;211;3,2;-2703
Warmiñsko-mazurskie_2017;36416;11,7;4021,35;625,11;183,63;191,26;59,3;0,08;10,13;77;4,8;3,65;202;3,3;-2443
Warmiñsko-mazurskie_2018;37843;10,4;4275,06;618,86;183,16;197,98;59,1;-0,9;9,56;77;4,7;4,85;190;3,6;-3397
Warmiñsko-mazurskie_2019;40830;9,1;4574,7;612,41;182,49;205,1;58,9;-1,39;9,05;77;4,5;7,38;182;4,1;-3771
Warmiñsko-mazurskie_2020;42566;10,2;5051,32;599,84;185,68;214,49;57,3;-3,34;8,71;76;3,4;4,82;177;4,6;-2113
Warmiñsko-mazurskie_2021;48874;9,1;5490,42;595,56;185,16;219,27;56,9;-6,01;7,64;75;4,1;4,59;173;4,3;-2391
Warmiñsko-mazurskie_2022;56368;8,6;5910,25;591,44;183,49;225,07;56,5;-4,54;7,24;77;3,9;3,36;166;5,6;-2067
Warmiñsko-mazurskie_2023;63595;8,3;6882,31;587,77;180,58;231,65;56,2;-4,48;6,23;78;3,5;1,81;165;4,4;-2203
Warmiñsko-mazurskie_2024;69137;8,4;7948,06;584,98;176,98;238,04;55,8;-4,71;5,97;78;3,4;2,11;173;4;-2433
Wielkopolskie_2010;39454;9,2;3377,13;648,57;198,61;152,83;115,6;2,87;11,89;77;6,2;0,5;476;3,9;1706
Wielkopolskie_2011;42753;9,1;3503,1;644,91;196,15;158,95;115,9;2,12;11,04;77;5,6;0,65;462;4;1887
Wielkopolskie_2012;44773;9,8;3591,13;640,93;194,47;164,6;116,1;1,82;10,94;77;5,5;0,63;442;4,3;1361
Wielkopolskie_2013;46149;9,6;3711,24;636,39;193,07;170,54;116,2;1,23;10,56;77;4,8;0,7;413;3,9;1645
Wielkopolskie_2014;47992;7,6;3772,3;631,28;192,13;176,6;116,4;1,71;10,66;78;5;0,78;391;4,2;1381
Wielkopolskie_2015;50790;6,1;3849,47;626,04;191,52;182,44;116,5;1,03;10,58;77;5,1;1,04;382;4,6;1207
Wielkopolskie_2016;52809;4,9;4007,81;620;191,66;188,34;116,7;1,7;10,99;78;5,3;2,94;365;4,7;983
Wielkopolskie_2017;56465;3,7;4366,33;613,14;192,68;194,18;117;2,06;11,61;78;5,3;6,03;351;5,4;1015
Wielkopolskie_2018;59355;3,2;4671,96;607,22;193,46;199,32;117,1;1,05;11,11;78;5,2;10,44;331;5,7;1121
Wielkopolskie_2019;64641;2,8;4990,72;601,5;194,1;204,4;117,3;0,92;10,72;78;5;14,02;328;6,3;1203
Wielkopolskie_2020;66208;3,7;5220,25;597,54;195,4;207,07;117,6;-1,18;10,22;77;4;14,35;337;6,3;1491
Wielkopolskie_2021;73888;3,2;5674,04;593,9;196,13;209,97;117,3;-2,74;9,57;76;4,5;21,3;330;7,7;1799
Wielkopolskie_2022;85867;2,9;6338,83;590,43;195,73;213,84;117,1;-2,16;8,72;77;4,2;15,24;326;7,3;1271
Wielkopolskie_2023;94455;3;7114,47;587,94;193,91;218,15;116,9;-2,18;7,89;78;4;6,29;320;6,5;1500
Wielkopolskie_2024;102129;2,9;7971,04;586,61;191,28;222,11;116,7;-2,8;7,31;78;3,7;6,58;324;5,5;1383
Zachodniopomorskie_2010;32061;17,8;3342,12;657,92;185,1;156,99;75,3;0,47;10,06;76;5,5;0,39;416;3,6;-1111
Zachodniopomorskie_2011;34116;17,6;3459,37;654,23;181,87;163,9;75,3;-0,09;9,29;76;5;0,51;392;3,5;-971
Zachodniopomorskie_2012;35453;18,2;3598,62;649,71;179,06;171,23;75,2;-0,31;9,27;77;5;0,49;363;4,1;-1039
Zachodniopomorskie_2013;35851;18;3697,14;644,51;176,63;178,86;75,1;-0,91;8,97;77;4,5;0,52;336;3,2;-665
Zachodniopomorskie_2014;37461;15,5;3817,55;638,12;174,74;187,14;74,9;-0,44;9,04;77;4,8;0,39;308;3,2;-920
Zachodniopomorskie_2015;39569;13,1;3974,02;631,12;173,41;195,47;74,7;-1,27;8,8;77;4,9;0,6;283;3,1;-732
Zachodniopomorskie_2016;40541;10,9;4176,75;623,35;172,79;203,86;74,6;-0,8;9,18;78;4,8;2,46;265;4,1;-624
Zachodniopomorskie_2017;43072;8,5;4447,78;615,42;172,87;211,71;74,5;-0,89;9,54;77;4,8;5,73;246;4,4;-808
Zachodniopomorskie_2018;45700;7,4;4697,97;608,25;172,56;219,18;74,3;-1,86;9,04;77;4,8;8,69;232;4,5;-943
Zachodniopomorskie_2019;49512;6,8;5053,65;601,28;172,25;226,47;74,1;-2,27;8,6;77;4,6;13,32;222;5,3;-884
Zachodniopomorskie_2020;50700;8,4;5444,17;592,78;173,84;233,39;72,5;-4,38;8,24;76;3,7;15,96;225;5,4;-747
Zachodniopomorskie_2021;57907;7,3;5941,55;588,34;173,97;237,69;72;-6,28;7,76;75;4,2;10,57;220;6,1;-946
Zachodniopomorskie_2022;66443;6,7;6529,09;584,6;172,92;242,48;71,6;-5,33;7,08;77;4,1;8,32;214;6,2;-577
Zachodniopomorskie_2023;73844;6,7;7322,95;581,03;170,85;248,12;71,2;-5,04;6,38;78;3,8;8,69;220;6,1;-799
Zachodniopomorskie_2024;79783;6,8;8379,82;579,08;168;252,91;70,8;-5,65;5,89;78;3,7;9,26;229;5;-596
